<?xml version="1.0" encoding="UTF-8" ?>
<!DOCTYPE sqlMapConfig
    PUBLIC "-//ibatis.apache.org//DTD SQL Map Config 2.0//EN"
    "http://ibatis.apache.org/dtd/sql-map-config-2.dtd">

<sqlMapConfig>

	<properties resource="db.properties" />

	<settings cacheModelsEnabled="true" enhancementEnabled="true"
		lazyLoadingEnabled="true" maxRequests="32" maxSessions="10"
		maxTransactions="5" useStatementNamespaces="true" />


	 
	<typeAlias alias="boardVO" type="kr.or.ddit.board.vo.BoardVO"/>

	
	<transactionManager type="JDBC">
		<dataSource type="SIMPLE">
		
			<property name="JDBC.Driver" value="${driver}" />
			<property name="JDBC.ConnectionURL" value="${url}" />
			<property name="JDBC.Username" value="${username}" />
			<property name="JDBC.Password" value="${password}" />
			<property name="Pool.MaximumActiveConnections" value="1"/>
			<property name="Pool.MaximumIdleConnections" value="1"/>
		</dataSource>
	</transactionManager>

	
	<sqlMap resource="sqlmap/board.xml"/>

</sqlMapConfig>






